speaker_id,text,timestamp
osmi2014_r1079,I answered based on previous job at large technical company where I was pushed out of my role within 3 months of disclosing diagnosis.I had been struggling for 3 months prior to disclosure and was incredibly relieved when finally diagnosed. Growing up in a family open about mental health and also at the end of my rope I immediately shared with management what was going on. I requested a temporary reduced workload so I could reduce anxiety. (At time I didn't know it was anxiety as took me a year to accept that the (to me) deserved stress was anxiety caused by my core diagnosis.) When disclosing I didn't deeply understand details of the state of my mental health; I simply knew I was so stressed out by having been unable to get myself to do work in three months that I couldn't juggle all that was currently on my plate.It was at this point my direct manager and I began an almost daily struggle. After working on a single project and making progress (compared to 3 months before diagnosis when management didn't even know how bad I was doing) I requested increasing my workload. This was never granted; boss said I hadn't proved myself and implied I could not be trusted.Two huge issues stick out to me from that experience:1) Company assumes things would be better and back to 100% within months. They did not understand what one goes through when figuring out meds: things at times got worse. They did not understand how long it takes until meds are figured out: mine took two years. They most certainly would not truly understand why to this day four years later despite being stable I'm in counseling every other week in addition to being on meds. Rather than supporting that it would be seen as oh I'm sorry. I was a problem to my manager because he didn't see improvements each week.2) Accomodations.- There was no option for me to reduce work temporarily to part-time (too complicated). Instead they pushed me to take disability leave. I told them that wouldn't help; they told me to double-check with care providers. That required me to see a psychologist unnecessarily as psychologist said I didn't qualify for leave. (Expensive unnecessary appointment).- The assistance I needed the most at work was understanding: I was open but my manager told me to not tell my co-worker assigned to support me. That was disasterous for colleague's stress/frustration levels. He knew something was up but was barred from asking and I was implied it was better to keep my mouth shut.- Accommodations weren't understood by even Benefits as they're not trained in mental health nor do they have people come in to assess how they're doing in supporting those with mental health issues. Should be no different than people coming in to assess for physical accessibility of the workplace. When in a meeting with my manager supervised by HR I shouldn't feel like I'm asking too much of manager when requesting he put the negative critiques on the back burner and help me figure out whether I'm doing anything right. That this didn't stop him from coming into my office that same day and putting on my dick hat to yell at me for something that wasn't even my fault (he had brought in co-worker for this yelling and turned to finish yelling at this person): FUCKING UNACCEPTABLE.While I will never return to that company and as such took the severance package I will NEVER agree with their legal reason for being unable to do the job: me being medically disqualified from this role. I was too expensive in the short term for them; I'm not worth the cost.,2014
osmi2014_r0217,Many of these questions were difficult to answer as a self-employed person; I did my best with the available options.,2014
osmi2014_r0207,I've answered 'Yes' on remote working but 50% is the maximum time we're allowed.The branch of the company I work for doesn't offer any medical benefits. It's not as common in the UK as we have the NHS for the moment. There are international branches that may so I've answered 'Don't know'.,2014
osmi2014_r0051,I just started a new job last week hence a lot of don't know's,2014
osmi2014_r1159,When I've had a depression I was lucky to have an awesome manager who was very understanding and found a budget to pay for my therapy sessions.,2014
osmi2014_r0161,Family history of depression.  Currently dealing with depression and anxiety as well as drug addition.Employer provides & pays premiums on insurance which covers therapy and prescriptions.  Employer allows work-from-home and unlimited PTO which makes episodes easier to control.I don't speak of my problems to anyone at work except for the people that I consider friends and even then I don't go into great detail.I would never bring up a mental health issue during an interview for fear of discrimination and rejection (and therefore greater depression).  One co-worker had serious anxiety problems and would not inform his team of episodes and was eventually let go for being unresponsive.,2014
osmi2014_r0652,I mostly suffer from social anxiety which keeps me from attending conferences. In my small dev group a big problem is a supervisor who's a workaholic and will never say no when asked to do something so he's doing the job of at least two ppl (poorly) and working crazy hours setting the tone for the test of us that work/life balance isn't important.,2014
osmi2014_r0736,We had a developer suffer from depression and pretty hard burnout but he refused treatment even when the company said we'd foot the bill. Eventually he had to be asked to resign which was a shame. I don't know if we have any specific programs for mental health but we're definitely on the lookout for those types of issues.,2014
osmi2014_r0459,Nice job on the text field for gender :-),2014
osmi2014_r0552,I'm not aware of anyone with mental health issues at work it's definitely not something that's discussed publicly. There's also a lot of other personal info I don't know about my coworkers so it may just be that we tend not to talk about personal issues.,2014
osmi2014_r0761,I have Narcolepsy and have been fired from a job before for falling asleep standing up during a meeting. I was standing up in the back of the room so that i could pace and try to prevent myself from falling asleep. I still managed to fall asleep while standing and fell over against the wall. I was fired the next day. The worst part is this is a condition i had given months of notice about to my boss and i reminded her of it before the meeting. I worked at a hospital at the time. I would have thought that they would be more accommodating.,2014
osmi2014_r1121,My employer currently does not offer any health insurance I have to get that on my own.  However at past positions I have had health insurance but no one ever mentioned mental health issues nor would I wish to discuss those with my co-workers bosses etc for fear of negative reception.,2014
osmi2014_r0553,I suffer from mild depression and anxiety.,2014
osmi2014_r0909,While I have not seen any direct retaliation against people with known mental illness many people do freely use insults commonly associated with mental illness (r****d for example) and criticize people behind their back for taking extra leave for doctor appointments (Oh I bet they are just hung over or other comments about how lazy they are.),2014
osmi2014_r0655,I don't have any mental health issues but for a number of years I had to care for a family member who did and I felt that I was not able to discuss or get support from friends or colleagues in the same way that I might have if they had suffered from a physical condition.,2014
osmi2014_r0891,I would add that while there were negative consequences for coworkers with mental health they were given a HUGE amount of leeway.  I think the team at large tried their best to be kind but that's how the person suffered.  The company actually gave this person a lot of help.  Which was cool.  But the team still discriminated.,2014
osmi2014_r0259,No benefits at this organization but my employer/direct supervisor has had positive and constructive conversations with me about physical and mental health. Supervisor offered solutions advice time/energy to get help if I ever felt that needed it. (though it would have to be at my own expense). I feel safe sharing personal info with this particular person/company but this environment is the exception rather than the norm in my 15+ years as a tech worker. I would never feel safe enough to reveal info about any mental health concerns with any previous employers in the tech industry for fear of  negative perceptions job loss performance dings etc.,2014
osmi2014_r1048,I suffered of panic attacks and agoraphobia for about 10 years.,2014
osmi2014_r1175,I burnt out this year. I worked too much had too much pressure on myself from being the sole developer on a delayed project that seemed to grow in size with each week it was delayed by and worried about money a lot.I became depressed and anxious and had trouble eating sleeping and generally being myself. As my depression worsened I was regularly late for work couldn't perform as well as I should and became irritable with my colleagues.My employers response after a while was to send me private messages complaining about my lateness which only worsened the situation. I was prescribed 3 weeks off work by my doctor which my employer agreed to only to come back after to find I had been on 'statutory pay' which was roughly half of what I was expecting and was not enough to cover my rent bills AND food. This made me worse and sent me into another depression until I eventually admitted defeat gave up working and left the company. It took me months to recover and I'm now left (over 6 months after this all started) recovering from the fallout I created leaving employment with hardly any money to my name.I had previously been told by my employer that I was too young to burn out and (stupidly) trusted them. I did not feel comfortable discussing my problems with my employer because each time I was met with an attitude that I had to get myself together and ultimately given the amount of employees before me who had left the company by being fired after an altercation with the employer left me with no option but to hide it from them so I too wouldn't be fired.,2014
osmi2014_r0928,My employer gives access to basic counseling and referrals but I don't know (and it's not obvious) what might be covered in the way of expenses for therapy medication etc.,2014
osmi2014_r1100,Though it doesn't affect me (male) good job for making the Gender field a text input instead of a drop down of only two options.,2014
osmi2014_r0762,I feel like most of my answers were useless due to answering that I am self-employed early on. Since my employer is me... my employer does/doesn't offer mental health benefits or would I be comfortable bring it up with 'them' doesn't make sense...,2014
osmi2014_r0143,I'm not a permanent employee so do not get they benefits they get.My client is extremely supportive of permanent staff with mental health issues.,2014
osmi2014_r1192,My mental health issues were the direct result of the trauma from childhood abuse. Most (all?) of the Prompt-sponsored/related presentations I've seen have been about congenital mental health issues that are treatable with continued medication. For me medication only provided temporary assistance. I needed years of (continuing) therapy to deal with PTSD and related disorders (depression anxiety suicidal tendencies others). I haven't seen many in our community discussing trauma-related mental health issues but they are just as real and just as debilitating.,2014
osmi2014_r0612,I went through a divorce and was pretty depressed I went to therapy and my boss (one of the owners) was extremely supportive. I'm not sure I would have got through that rough time with out my co-workers and boss.,2014
osmi2014_r0180,In small startups it is very hard to keep mental health issues truly private no matter what management does.,2014
osmi2014_r1078,This survey was tough as a self-employed individual. You may wish to discard responses from self employed people for much of your analysis.,2014
osmi2014_r0515,I work for an extremely supportive company and we are amazingly open about mental health issues. Employees often share their struggles with the whole team and receive a high level of support in return.,2014
osmi2014_r0218,I tried to answer as good as possible but I am CEO of a company so many questions don't fit very well.Also many of the questions are very US-centric in most systems healthcare is not your employers business.,2014
osmi2014_r0900,A lot of these answers aren't really applicable since I'm self employed as a sole proprietor.,2014
osmi2014_r0311,The thought of going through my employer directly to get help is fucking scary.Getting help is the hardest part of getting help.,2014
osmi2014_r0027,Sometimes I think  about using drugs for my mental health issues. If i use drugs I feel better,2014
osmi2014_r0401,Being in Canada there are several health options that are available to Canadian citizens/perm residents for free so employers may not provide resources because they are available elsewhere. Otherwise good quiz. I hope this benefits everyone who's dealt with mental health issues in the past!,2014
osmi2014_r0593,It has come to interfere with work as life progresses.Between burn out and enduring more of the work and balancing a family. Changes in my mental health have a larger pond to make ripples in.,2014
osmi2014_r1052,I should note one of the places my employer fails with regards to mental health is that the company-paid health insurance policy does not cover trans healthcare needs.,2014
osmi2014_r1080,If a man in tech is afraid of speaking up about these things it is even worse for women in tech who are already fearful of and fighting against the stigma of incompetence.  On the other hand if a female in tech does not commiserate with her male coworkers on mental health problems she will no longer be seen as a team player. It is really a catch-22 for women in STEM.,2014
osmi2014_r0247,I have only discussed my mental illness with close family members. I feel completely uncomfortable discussing with anyone at my place of employment as I am concerned it would have negative consequences.,2014
osmi2014_r0559,I'm afraid I haven't seen mental health issues arise at work yet. They are very accommodating with maternity leave but I don't know how that translates to anything else.,2014
osmi2014_r0490,Israel has public health insurance for everyone. Everyone has free mental health coverage and it's quite good. So that explains some of my answers.,2014
osmi2014_r0179,I am not sure about my company's healthcare because I've opted out of it and I'm covered under another policy.I currently work at a great company though in past jobs I don't think I would have felt comfortable talking about mental health at all.,2014
